file	n_ex	numbering	ital_names	bold_names	tags	nested_subitems	inline_letter_marks	cites	xrefs
chapter_preface/index.md	3	repeated-1	0	0	-	0	0	0	0
chapter_introduction/index.md	4	repeated-1	0	0	-	0	0	0	0
chapter_preliminaries/autograd.md	8	repeated-1	0	0	-	0	1	0	0
chapter_preliminaries/calculus.md	11	repeated-1	0	0	-	0	0	0	0
chapter_preliminaries/linear-algebra.md	12	repeated-1	0	0	-	0	0	0	0
chapter_preliminaries/lookup-api.md	3	repeated-1	0	0	-	0	0	0	0
chapter_preliminaries/ndarray.md	6	repeated-1	0	0	-	0	0	0	0
chapter_preliminaries/pandas.md	7	repeated-1	0	0	-	0	0	0	0
chapter_preliminaries/probability.md	8	repeated-1	0	0	-	10	2	1	1
chapter_linear-regression/generalization.md	8	repeated-1	0	0	-	0	0	0	0
chapter_linear-regression/linear-regression-concise.md	6	repeated-1	0	0	-	2	0	0	3
chapter_linear-regression/linear-regression-scratch.md	12	mixed	0	4	-	3	0	0	0
chapter_linear-regression/linear-regression.md	8	repeated-1	0	0	-	19	3	1	2
chapter_linear-regression/oo-design.md	6	repeated-1	0	0	-	0	2	0	0
chapter_linear-regression/synthetic-regression-data.md	5	repeated-1	0	2	-	2	0	1	2
chapter_linear-regression/weight-decay.md	6	repeated-1	0	0	-	0	2	0	3
chapter_linear-classification/classification.md	7	repeated-1	0	0	-	0	0	0	3
chapter_linear-classification/environment-and-distribution-shift.md	6	repeated-1	0	0	-	0	0	0	4
chapter_linear-classification/generalization-classification.md	9	mixed	0	0	-	0	0	0	1
chapter_linear-classification/image-classification-dataset.md	3	repeated-1	0	0	-	0	0	0	0
chapter_linear-classification/softmax-regression-concise.md	4	repeated-1	0	0	-	0	0	0	1
chapter_linear-classification/softmax-regression-scratch.md	8	mixed	0	2	-	9	0	0	1
chapter_linear-classification/softmax-regression.md	9	repeated-1	0	0	-	25	4	2	3
chapter_multilayer-perceptrons/backprop.md	6	repeated-1	0	0	-	8	0	0	1
chapter_multilayer-perceptrons/dropout.md	8	repeated-1	1	0	-	0	0	2	0
chapter_multilayer-perceptrons/generalization-deep.md	7	repeated-1	1	0	-	0	1	1	2
chapter_multilayer-perceptrons/kaggle-house-price.md	16	mixed	0	9	-	0	0	0	0
chapter_multilayer-perceptrons/mlp-implementation.md	9	repeated-1	0	0	-	5	3	0	2
chapter_multilayer-perceptrons/mlp.md	9	repeated-1	0	0	-	2	0	1	2
chapter_multilayer-perceptrons/numerical-stability-and-init.md	9	mixed	0	3	-	0	0	1	0
chapter_builders-guide/custom-layers.md	16	repeated-1	0	0	-	0	0	0	0
chapter_builders-guide/gpus-devices-memory.md	4	repeated-1	0	0	-	0	0	0	0
chapter_builders-guide/init.md	4	repeated-1	0	0	-	0	0	0	3
chapter_builders-guide/model-construction.md	16	repeated-1	0	0	-	0	0	0	4
chapter_builders-guide/numerics.md	4	repeated-1	0	0	-	0	0	0	2
chapter_builders-guide/parameters-state-memory.md	10	mixed	0	0	-	0	0	0	3
chapter_builders-guide/reproducibility-inspection.md	7	mixed	0	0	-	0	0	0	0
chapter_builders-guide/saving-loading.md	4	repeated-1	0	0	-	0	0	0	1
chapter_convolutional-neural-networks/channels.md	8	repeated-1	0	0	-	11	0	0	2
chapter_convolutional-neural-networks/conv-layer.md	4	repeated-1	0	0	-	7	0	0	0
chapter_convolutional-neural-networks/lenet.md	5	repeated-1	0	0	-	7	0	0	0
chapter_convolutional-neural-networks/padding-and-strides.md	7	repeated-1	0	0	-	0	0	0	2
chapter_convolutional-neural-networks/pooling.md	8	repeated-1	0	0	-	5	0	0	0
chapter_convolutional-neural-networks/why-conv.md	6	repeated-1	0	0	-	3	1	1	0
chapter_convolutional-modern/alexnet.md	8	repeated-1	0	0	-	5	0	0	0
chapter_convolutional-modern/batch-norm.md	7	repeated-1	0	0	-	7	0	0	0
chapter_convolutional-modern/blocks.md	11	repeated-1	0	0	-	3	0	3	1
chapter_convolutional-modern/cnn-design.md	4	repeated-1	0	0	-	0	0	0	1
chapter_convolutional-modern/convnext.md	5	repeated-1	0	0	-	0	0	1	2
chapter_convolutional-modern/efficient-convnets.md	8	mixed	0	1	-	0	0	0	2
chapter_convolutional-modern/resnet.md	7	repeated-1	0	0	-	0	0	4	2
chapter_convolutional-modern/training-recipes.md	5	repeated-1	0	0	-	0	0	1	2
chapter_recurrent-neural-networks/bptt.md	4	repeated-1	0	0	-	3	0	0	1
chapter_recurrent-neural-networks/decoding.md	7	repeated-1	0	0	-	0	0	1	2
chapter_recurrent-neural-networks/language-model.md	4	repeated-1	0	0	-	0	0	0	2
chapter_recurrent-neural-networks/rnn-implementation.md	13	mixed	0	4	-	0	0	0	0
chapter_recurrent-neural-networks/rnn.md	5	repeated-1	0	0	-	0	0	0	0
chapter_recurrent-neural-networks/sequence.md	6	repeated-1	0	0	-	4	0	0	0
chapter_recurrent-neural-networks/text-sequence.md	5	repeated-1	0	0	-	0	0	0	1
chapter_recurrent-modern/deltanet.md	6	repeated-1	0	6	-	0	0	0	7
chapter_recurrent-modern/hybrids.md	5	repeated-1	5	0	-	0	0	3	3
chapter_recurrent-modern/lstm.md	10	repeated-1	0	0	conceptual:4,extended:3,short-code:3	0	0	0	4
chapter_recurrent-modern/mamba.md	5	repeated-1	5	0	extended:4,short-code:1	0	0	0	2
chapter_recurrent-modern/matrix-state.md	6	repeated-1	0	0	conceptual:2,short-code:4	0	0	0	4
chapter_recurrent-modern/ssm.md	7	repeated-1	7	0	extended:1,short-code:6	0	2	2	8
chapter_recurrent-modern/test-time-regression.md	6	repeated-1	0	6	-	0	2	0	9
chapter_attention/attention-at-scale.md	6	repeated-1	0	0	-	0	0	0	7
chapter_attention/attention-scoring.md	6	repeated-1	0	0	-	0	0	0	1
chapter_attention/multihead-attention.md	6	sequential	0	0	-	0	0	0	2
chapter_attention/positional-information.md	6	sequential	0	0	-	0	0	0	0
chapter_attention/queries-keys-values.md	6	repeated-1	0	0	-	0	0	1	1
chapter_attention/what-attention-computes.md	6	sequential	0	0	-	0	0	0	3
chapter_transformers/encoders-decoders.md	6	sequential	0	0	-	0	0	1	1
chapter_transformers/gpt.md	6	sequential	0	0	-	0	0	1	2
chapter_transformers/kv-cache.md	6	sequential	0	0	-	0	0	0	0
chapter_transformers/moe.md	6	sequential	0	0	-	0	1	1	0
chapter_transformers/scaling-laws.md	6	sequential	0	0	-	0	0	2	4
chapter_transformers/transformer-block.md	6	sequential	0	0	-	0	0	1	1
chapter_transformers/vision-transformer.md	5	repeated-1	0	0	-	0	0	0	1
chapter_optimization/adam.md	9	repeated-1	0	0	-	0	0	3	3
chapter_optimization/adamw.md	6	repeated-1	0	0	-	0	0	1	2
chapter_optimization/batch-size.md	6	repeated-1	0	0	-	0	4	0	4
chapter_optimization/gd.md	5	repeated-1	0	0	-	6	0	0	0
chapter_optimization/lr-scheduler.md	6	repeated-1	0	0	-	0	0	3	1
chapter_optimization/minibatch-sgd.md	5	repeated-1	0	0	-	0	0	0	0
chapter_optimization/momentum.md	5	repeated-1	0	0	-	0	0	0	2
chapter_optimization/muon.md	6	repeated-1	0	0	-	0	0	1	6
chapter_optimization/optimization-intro.md	8	mixed	0	0	-	8	0	1	0
chapter_optimization/practice.md	6	repeated-1	0	0	-	0	0	2	7
chapter_optimization/scaling.md	4	repeated-1	0	0	-	0	0	1	2
chapter_optimization/sgd.md	6	repeated-1	0	0	-	0	0	0	0
chapter_computational-performance/compilation.md	5	repeated-1	0	0	-	0	0	0	1
chapter_computational-performance/fast-transformer.md	8	repeated-1	0	0	-	0	0	0	6
chapter_computational-performance/hardware.md	8	repeated-1	0	0	-	0	2	0	7
chapter_computational-performance/memory-precision.md	10	mixed	0	0	-	0	0	0	4
chapter_computational-performance/multi-gpu-practice.md	6	repeated-1	0	0	-	0	0	0	3
chapter_computational-performance/multiple-gpus.md	5	repeated-1	0	0	-	0	0	0	7
chapter_computational-performance/performance-model.md	5	repeated-1	0	0	-	0	0	0	1
chapter_computer-vision/anchor.md	12	mixed	0	0	-	0	0	1	2
chapter_computer-vision/bounding-box.md	2	repeated-1	0	0	-	0	0	0	0
chapter_computer-vision/fcn.md	8	mixed	0	0	-	0	0	1	0
chapter_computer-vision/fine-tuning.md	8	mixed	0	0	-	0	0	0	0
chapter_computer-vision/image-augmentation.md	3	repeated-1	0	0	-	0	0	0	0
chapter_computer-vision/kaggle-cifar10.md	2	repeated-1	0	0	-	0	0	0	0
chapter_computer-vision/kaggle-dog.md	2	repeated-1	0	0	-	0	0	0	0
chapter_computer-vision/multiscale-object-detection.md	3	repeated-1	0	0	-	0	0	0	2
chapter_computer-vision/neural-style.md	4	repeated-1	0	0	-	0	0	1	0
chapter_computer-vision/object-detection-dataset.md	2	repeated-1	0	0	-	0	0	0	0
chapter_computer-vision/rcnn.md	2	repeated-1	0	0	-	0	0	2	0
chapter_computer-vision/semantic-segmentation-and-dataset.md	2	repeated-1	0	0	-	0	0	0	1
chapter_computer-vision/ssd.md	2	sequential	0	0	-	4	0	2	0
chapter_computer-vision/transposed-conv.md	2	repeated-1	0	0	-	0	0	0	1
chapter_natural-language-processing-pretraining/approx-training.md	3	repeated-1	0	0	-	0	0	0	1
chapter_natural-language-processing-pretraining/bert-dataset.md	2	repeated-1	0	0	-	0	0	0	0
chapter_natural-language-processing-pretraining/bert-pretraining.md	2	sequential	0	0	-	0	0	0	0
chapter_natural-language-processing-pretraining/bert.md	2	repeated-1	0	0	-	0	0	1	0
chapter_natural-language-processing-pretraining/glove.md	2	repeated-1	0	0	-	0	0	1	0
chapter_natural-language-processing-pretraining/seq2seq.md	7	repeated-1	0	0	-	0	0	1	3
chapter_natural-language-processing-pretraining/similarity-analogy.md	2	repeated-1	0	0	-	0	0	0	0
chapter_natural-language-processing-pretraining/subword-embedding.md	4	repeated-1	0	0	-	0	0	1	0
chapter_natural-language-processing-pretraining/word-embedding-dataset.md	3	repeated-1	0	0	-	0	0	0	0
chapter_natural-language-processing-pretraining/word2vec-pretraining.md	3	mixed	0	0	-	0	0	0	0
chapter_natural-language-processing-pretraining/word2vec.md	3	repeated-1	0	0	-	0	0	1	0
chapter_natural-language-processing-applications/finetuning-bert.md	3	repeated-1	0	0	-	0	0	0	1
chapter_natural-language-processing-applications/natural-language-inference-and-dataset.md	2	repeated-1	0	0	-	0	0	0	0
chapter_natural-language-processing-applications/natural-language-inference-attention.md	3	repeated-1	0	0	-	0	0	0	0
chapter_natural-language-processing-applications/natural-language-inference-bert.md	2	repeated-1	0	0	-	0	0	0	0
chapter_natural-language-processing-applications/sentiment-analysis-and-dataset.md	2	repeated-1	0	0	-	0	0	0	0
chapter_natural-language-processing-applications/sentiment-analysis-cnn.md	3	repeated-1	0	0	-	0	0	0	2
chapter_natural-language-processing-applications/sentiment-analysis-rnn.md	3	repeated-1	0	0	-	0	0	0	0
chapter_reinforcement-learning/baselines.md	6	repeated-1	6	0	conceptual:2,short-code:4	0	0	1	5
chapter_reinforcement-learning/deep-rl.md	7	repeated-1	7	0	conceptual:2,short-code:5	0	1	2	13
chapter_reinforcement-learning/imitation.md	6	repeated-1	6	0	conceptual:2,extended:1,short-code:3	0	0	0	4
chapter_reinforcement-learning/mdp.md	6	repeated-1	6	0	conceptual:4,short-code:2	0	2	0	3
chapter_reinforcement-learning/policy-gradient.md	6	repeated-1	6	0	conceptual:3,short-code:3	0	1	0	13
chapter_reinforcement-learning/qlearning.md	7	repeated-1	7	0	conceptual:2,extended:1,short-code:4	0	5	0	9
chapter_reinforcement-learning/value-iter.md	6	repeated-1	6	0	conceptual:2,extended:1,short-code:3	0	5	0	11
chapter_deep-reinforcement-learning/actor-critic.md	6	repeated-1	6	0	conceptual:2,extended:1,short-code:3	0	0	4	14
chapter_deep-reinforcement-learning/dqn.md	7	repeated-1	7	0	conceptual:2,extended:1,short-code:4	0	0	11	7
chapter_deep-reinforcement-learning/offline-rl.md	6	repeated-1	6	0	conceptual:2,short-code:4	0	0	0	2
chapter_deep-reinforcement-learning/ppo.md	7	repeated-1	7	0	conceptual:3,extended:1,short-code:3	0	0	3	7
chapter_deep-reinforcement-learning/regularized.md	6	repeated-1	6	0	conceptual:3,extended:1,short-code:2	0	2	3	2
chapter_deep-reinforcement-learning/rl-sequences.md	5	repeated-1	5	0	conceptual:3,short-code:2	0	0	3	12
chapter_deep-reinforcement-learning/sac.md	7	repeated-1	7	0	conceptual:1,extended:1,short-code:5	0	0	6	11
chapter_gaussian-processes/gp-inference.md	6	sequential	0	0	-	0	0	0	0
chapter_gaussian-processes/gp-intro.md	7	sequential	0	0	-	0	2	0	0
chapter_gaussian-processes/gp-priors.md	5	sequential	0	0	-	0	0	0	0
chapter_hyperparameter-optimization/hyperopt-api.md	2	sequential	0	0	-	5	0	0	2
chapter_hyperparameter-optimization/hyperopt-intro.md	3	sequential	0	0	-	9	0	2	5
chapter_hyperparameter-optimization/rs-async.md	2	sequential	1	0	-	6	0	0	4
chapter_generative-adversarial-networks/adversarial-losses.md	5	sequential	0	0	-	0	3	1	3
chapter_generative-adversarial-networks/conditional.md	7	repeated-1	0	0	-	0	5	1	10
chapter_generative-adversarial-networks/convergence.md	5	repeated-1	0	0	-	0	4	0	4
chapter_generative-adversarial-networks/dcgan.md	6	repeated-1	0	0	-	0	0	1	13
chapter_generative-adversarial-networks/gan.md	5	repeated-1	0	0	-	0	1	0	1
chapter_generative-adversarial-networks/objectives.md	5	repeated-1	0	0	-	0	1	0	6
chapter_generative-adversarial-networks/relativistic.md	6	repeated-1	0	0	-	0	5	2	12
chapter_recommender-systems/autorec.md	0	none	0	0	-	0	0	0	0
chapter_recommender-systems/ctr.md	0	none	0	0	-	0	0	0	0
chapter_recommender-systems/deepfm.md	0	none	0	0	-	0	0	0	0
chapter_recommender-systems/fm.md	0	none	0	0	-	0	0	0	0
chapter_recommender-systems/mf.md	0	none	0	0	-	0	0	0	0
chapter_recommender-systems/movielens.md	0	none	0	0	-	0	0	0	0
chapter_recommender-systems/neumf.md	0	none	0	0	-	0	0	0	0
chapter_recommender-systems/ranking.md	3	sequential	0	0	-	0	0	0	0
chapter_recommender-systems/recsys-intro.md	3	sequential	0	0	-	0	0	0	0
chapter_recommender-systems/seqrec.md	0	none	0	0	-	0	0	1	0
chapter_mdl-linear-algebra/mdl-eigendecomposition.md	11	repeated-1	0	0	-	0	0	0	4
chapter_mdl-linear-algebra/mdl-geometry-linear-algebraic-ops.md	14	sequential	0	0	-	0	0	0	2
chapter_mdl-linear-algebra/mdl-svd-low-rank.md	8	sequential	0	0	-	3	0	0	3
chapter_mdl-calculus/mdl-integral-calculus.md	10	sequential	0	0	-	0	1	0	4
chapter_mdl-calculus/mdl-matrix-calculus-autodiff.md	9	sequential	0	3	-	0	0	0	7
chapter_mdl-calculus/mdl-multivariable-calculus.md	8	sequential	0	0	-	0	0	0	2
chapter_mdl-calculus/mdl-single-variable-calculus.md	10	sequential	0	0	-	0	1	0	2
chapter_mdl-optimization/mdl-adaptive-stochastic-methods.md	8	sequential	0	8	-	0	4	0	7
chapter_mdl-optimization/mdl-constrained-optimization-duality.md	8	sequential	0	0	-	0	0	0	3
chapter_mdl-optimization/mdl-convexity.md	9	sequential	0	2	-	0	7	0	4
chapter_mdl-optimization/mdl-gradient-based-optimization.md	11	sequential	1	2	-	0	0	0	13
chapter_mdl-optimization/mdl-numerical-stability-conditioning.md	8	sequential	0	0	-	0	0	1	8
chapter_mdl-probability-statistics/mdl-bayesian-computation.md	5	sequential	0	0	-	0	0	0	0
chapter_mdl-probability-statistics/mdl-concentration-generalization.md	8	sequential	0	1	-	0	0	2	7
chapter_mdl-probability-statistics/mdl-distributions.md	10	sequential	0	0	-	0	0	0	8
chapter_mdl-probability-statistics/mdl-maximum-likelihood.md	10	sequential	0	0	-	0	0	0	6
chapter_mdl-probability-statistics/mdl-naive-bayes.md	6	sequential	0	0	-	0	0	1	2
chapter_mdl-probability-statistics/mdl-random-variables.md	7	sequential	0	0	-	0	2	0	5
chapter_mdl-probability-statistics/mdl-statistics.md	14	mixed	0	0	-	0	0	0	3
chapter_mdl-information-theory/mdl-divergences-distances.md	9	sequential	0	0	-	0	0	0	5
chapter_mdl-information-theory/mdl-information-theory.md	9	repeated-1	0	0	-	0	0	1	1
chapter_mdl-information-theory/mdl-mutual-information.md	10	repeated-1	0	0	-	0	0	0	6
chapter_mdl-dynamics/mdl-fokker-planck-probability-flow.md	8	sequential	0	8	-	0	2	0	8
chapter_mdl-dynamics/mdl-odes-solvers.md	8	sequential	0	0	-	0	0	0	8
chapter_mdl-dynamics/mdl-score-matching-diffusion-flow.md	11	mixed	3	0	-	0	2	2	7
chapter_mdl-dynamics/mdl-sdes.md	8	sequential	0	8	-	0	4	0	7
chapter_appendix-tools-for-deep-learning/cloud-instances.md	4	repeated-1	0	0	-	0	2	0	2
chapter_appendix-tools-for-deep-learning/developers-guide.md	4	repeated-1	0	0	-	0	0	0	0
chapter_appendix-tools-for-deep-learning/hardware.md	4	repeated-1	0	0	-	0	0	0	2
chapter_appendix-tools-for-deep-learning/hosted-notebooks.md	4	repeated-1	0	0	-	0	0	0	1
chapter_appendix-tools-for-deep-learning/interactive-development.md	4	repeated-1	0	0	-	0	0	0	1
chapter_appendix-tools-for-deep-learning/model-serving.md	4	repeated-1	0	0	-	0	0	0	0
chapter_appendix-tools-for-deep-learning/software-ecosystem.md	4	repeated-1	0	0	-	0	0	0	0
chapter_appendix-tools-for-deep-learning/training-systems.md	4	repeated-1	0	0	-	0	0	0	1
