file	n_real	n_raw	bullet_items	discussions	slides_after
chapter_preface/index.md	3	3	0	tabbed(4):mxnet,pytorch,tensorflow,jax	yes
chapter_introduction/index.md	4	4	0	single-link	no
chapter_preliminaries/autograd.md	8	8	0	tabbed(4):mxnet,pytorch,tensorflow,jax	yes
chapter_preliminaries/calculus.md	11	11	0	tabbed(4):mxnet,pytorch,tensorflow,jax	yes
chapter_preliminaries/linear-algebra.md	12	12	0	tabbed(4):mxnet,pytorch,tensorflow,jax	yes
chapter_preliminaries/lookup-api.md	3	3	0	tabbed(4):mxnet,pytorch,tensorflow,jax	yes
chapter_preliminaries/ndarray.md	6	6	0	tabbed(4):mxnet,pytorch,tensorflow,jax	yes
chapter_preliminaries/pandas.md	7	7	0	tabbed(4):mxnet,pytorch,tensorflow,jax	yes
chapter_preliminaries/probability.md	8	8	0	tabbed(4):mxnet,pytorch,tensorflow,jax	yes
chapter_linear-regression/generalization.md	8	8	0	tabbed(4):mxnet,pytorch,tensorflow,jax	yes
chapter_linear-regression/linear-regression-concise.md	6	6	0	tabbed(4):mxnet,pytorch,tensorflow,jax	yes
chapter_linear-regression/linear-regression-scratch.md	12	12	0	tabbed(4):mxnet,pytorch,tensorflow,jax	yes
chapter_linear-regression/linear-regression.md	8	8	0	tabbed(3):mxnet,pytorch,tensorflow	yes
chapter_linear-regression/oo-design.md	6	6	0	tabbed(4):mxnet,pytorch,tensorflow,jax	yes
chapter_linear-regression/synthetic-regression-data.md	5	5	0	tabbed(4):mxnet,pytorch,tensorflow,jax	yes
chapter_linear-regression/weight-decay.md	6	6	0	tabbed(4):mxnet,pytorch,tensorflow,jax	yes
chapter_linear-classification/classification.md	7	7	0	tabbed(4):mxnet,pytorch,tensorflow,jax	yes
chapter_linear-classification/environment-and-distribution-shift.md	6	6	0	single-link	yes
chapter_linear-classification/generalization-classification.md	9	9	0	single-link	yes
chapter_linear-classification/image-classification-dataset.md	3	3	0	tabbed(4):mxnet,pytorch,tensorflow,jax	yes
chapter_linear-classification/softmax-regression-concise.md	4	4	0	tabbed(4):mxnet,pytorch,tensorflow,jax	yes
chapter_linear-classification/softmax-regression-scratch.md	8	8	0	tabbed(4):mxnet,pytorch,tensorflow,jax	yes
chapter_linear-classification/softmax-regression.md	9	9	0	single-link	yes
chapter_multilayer-perceptrons/backprop.md	6	6	0	single-link	yes
chapter_multilayer-perceptrons/dropout.md	8	8	0	tabbed(4):mxnet,pytorch,tensorflow,jax	yes
chapter_multilayer-perceptrons/generalization-deep.md	7	7	0	single-link	yes
chapter_multilayer-perceptrons/kaggle-house-price.md	16	16	0	tabbed(4):mxnet,pytorch,tensorflow,jax	yes
chapter_multilayer-perceptrons/mlp-implementation.md	9	9	0	tabbed(4):mxnet,pytorch,tensorflow,jax	yes
chapter_multilayer-perceptrons/mlp.md	9	9	0	tabbed(4):mxnet,pytorch,tensorflow,jax	yes
chapter_multilayer-perceptrons/numerical-stability-and-init.md	9	9	0	tabbed(4):mxnet,pytorch,tensorflow,jax	yes
chapter_builders-guide/custom-layers.md	4	16	0	none	no
chapter_builders-guide/gpus-devices-memory.md	4	4	0	none	no
chapter_builders-guide/init.md	4	4	0	none	no
chapter_builders-guide/model-construction.md	4	16	0	none	no
chapter_builders-guide/numerics.md	4	4	0	none	no
chapter_builders-guide/parameters-state-memory.md	4	10	0	none	no
chapter_builders-guide/reproducibility-inspection.md	5	7	0	none	no
chapter_builders-guide/saving-loading.md	4	4	0	none	no
chapter_convolutional-neural-networks/channels.md	8	8	0	tabbed(4):mxnet,pytorch,tensorflow,jax	yes
chapter_convolutional-neural-networks/conv-layer.md	4	4	0	tabbed(4):mxnet,pytorch,tensorflow,jax	yes
chapter_convolutional-neural-networks/lenet.md	5	5	0	tabbed(4):mxnet,pytorch,tensorflow,jax	yes
chapter_convolutional-neural-networks/padding-and-strides.md	7	7	0	tabbed(4):mxnet,pytorch,tensorflow,jax	yes
chapter_convolutional-neural-networks/pooling.md	8	8	0	tabbed(4):mxnet,pytorch,tensorflow,jax	yes
chapter_convolutional-neural-networks/why-conv.md	6	6	0	single-link	yes
chapter_convolutional-modern/alexnet.md	8	8	0	tabbed(4):mxnet,pytorch,tensorflow,jax	yes
chapter_convolutional-modern/batch-norm.md	7	7	0	tabbed(4):mxnet,pytorch,tensorflow,jax	yes
chapter_convolutional-modern/blocks.md	11	11	0	tabbed(4):mxnet,pytorch,tensorflow,jax	yes
chapter_convolutional-modern/cnn-design.md	4	4	0	tabbed(4):mxnet,pytorch,tensorflow,jax	yes
chapter_convolutional-modern/convnext.md	5	5	0	none	yes
chapter_convolutional-modern/efficient-convnets.md	8	8	0	none	yes
chapter_convolutional-modern/resnet.md	7	7	0	tabbed(4):mxnet,pytorch,tensorflow,jax	yes
chapter_convolutional-modern/training-recipes.md	5	5	0	none	yes
chapter_recurrent-neural-networks/bptt.md	4	4	0	single-link	yes
chapter_recurrent-neural-networks/decoding.md	7	7	0	single-link	yes
chapter_recurrent-neural-networks/language-model.md	4	4	0	tabbed(4):mxnet,pytorch,tensorflow,jax	yes
chapter_recurrent-neural-networks/rnn-implementation.md	13	13	0	tabbed(4):mxnet,pytorch,tensorflow,jax	yes
chapter_recurrent-neural-networks/rnn.md	5	5	0	tabbed(4):mxnet,pytorch,tensorflow,jax	yes
chapter_recurrent-neural-networks/sequence.md	6	6	0	tabbed(4):mxnet,pytorch,tensorflow,jax	yes
chapter_recurrent-neural-networks/text-sequence.md	5	5	0	tabbed(4):mxnet,pytorch,tensorflow,jax	yes
chapter_recurrent-modern/deltanet.md	6	6	0	single-placeholder	yes
chapter_recurrent-modern/hybrids.md	5	5	0	single-placeholder	yes
chapter_recurrent-modern/lstm.md	10	10	0	tabbed(2):pytorch,jax	yes
chapter_recurrent-modern/mamba.md	5	5	0	single-placeholder	yes
chapter_recurrent-modern/matrix-state.md	6	6	0	single-placeholder	yes
chapter_recurrent-modern/ssm.md	7	7	0	single-placeholder	yes
chapter_recurrent-modern/test-time-regression.md	6	6	0	single-placeholder	yes
chapter_attention/attention-at-scale.md	6	6	0	none	yes
chapter_attention/attention-scoring.md	6	6	0	none	yes
chapter_attention/multihead-attention.md	6	6	0	none	yes
chapter_attention/positional-information.md	6	6	0	none	yes
chapter_attention/queries-keys-values.md	6	6	0	none	yes
chapter_attention/what-attention-computes.md	6	6	0	none	yes
chapter_transformers/encoders-decoders.md	6	6	0	none	yes
chapter_transformers/gpt.md	6	6	0	none	yes
chapter_transformers/kv-cache.md	6	6	0	none	yes
chapter_transformers/moe.md	6	6	0	none	yes
chapter_transformers/scaling-laws.md	6	6	0	none	yes
chapter_transformers/transformer-block.md	6	6	0	none	yes
chapter_transformers/vision-transformer.md	5	5	0	none	yes
chapter_optimization/adam.md	9	9	0	tabbed(2):pytorch,jax	yes
chapter_optimization/adamw.md	6	6	0	single-placeholder	yes
chapter_optimization/batch-size.md	6	6	0	single-placeholder	yes
chapter_optimization/gd.md	5	5	0	single-link	yes
chapter_optimization/lr-scheduler.md	6	6	0	tabbed(2):pytorch,jax	yes
chapter_optimization/minibatch-sgd.md	5	5	0	tabbed(2):pytorch,jax	yes
chapter_optimization/momentum.md	5	5	0	tabbed(2):pytorch,jax	yes
chapter_optimization/muon.md	6	6	0	none	yes
chapter_optimization/optimization-intro.md	8	8	0	tabbed(2):pytorch,jax	yes
chapter_optimization/practice.md	6	6	0	none	yes
chapter_optimization/scaling.md	4	4	0	none	yes
chapter_optimization/sgd.md	6	6	0	tabbed(2):pytorch,jax	yes
chapter_computational-performance/compilation.md	5	5	0	none	yes
chapter_computational-performance/fast-transformer.md	8	8	0	none	yes
chapter_computational-performance/hardware.md	8	8	0	none	yes
chapter_computational-performance/memory-precision.md	10	10	0	none	yes
chapter_computational-performance/multi-gpu-practice.md	6	6	0	none	yes
chapter_computational-performance/multiple-gpus.md	5	5	0	none	yes
chapter_computational-performance/performance-model.md	5	5	0	none	yes
chapter_computer-vision/anchor.md	12	12	0	tabbed(4):mxnet,pytorch,jax,tensorflow	yes
chapter_computer-vision/bounding-box.md	2	2	0	tabbed(3):mxnet,pytorch,jax	yes
chapter_computer-vision/fcn.md	8	8	0	tabbed(4):mxnet,pytorch,jax,tensorflow	yes
chapter_computer-vision/fine-tuning.md	8	8	0	tabbed(4):mxnet,pytorch,jax,tensorflow	yes
chapter_computer-vision/image-augmentation.md	3	3	0	tabbed(4):mxnet,pytorch,jax,tensorflow	yes
chapter_computer-vision/kaggle-cifar10.md	2	2	0	tabbed(4):mxnet,pytorch,jax,tensorflow	yes
chapter_computer-vision/kaggle-dog.md	2	2	0	tabbed(4):mxnet,pytorch,jax,tensorflow	yes
chapter_computer-vision/multiscale-object-detection.md	3	3	0	tabbed(4):mxnet,pytorch,jax,tensorflow	yes
chapter_computer-vision/neural-style.md	4	4	0	tabbed(4):mxnet,pytorch,jax,tensorflow	yes
chapter_computer-vision/object-detection-dataset.md	2	2	0	tabbed(4):mxnet,pytorch,jax,tensorflow	yes
chapter_computer-vision/rcnn.md	2	2	0	tabbed(4):mxnet,pytorch,jax,tensorflow	yes
chapter_computer-vision/semantic-segmentation-and-dataset.md	2	2	0	tabbed(4):mxnet,pytorch,jax,tensorflow	yes
chapter_computer-vision/ssd.md	2	2	0	tabbed(4):mxnet,pytorch,jax,tensorflow	yes
chapter_computer-vision/transposed-conv.md	2	2	0	tabbed(3):mxnet,pytorch,jax	yes
chapter_natural-language-processing-pretraining/approx-training.md	3	3	0	single-link	no
chapter_natural-language-processing-pretraining/bert-dataset.md	2	2	0	tabbed(4):mxnet,pytorch,jax,tensorflow	yes
chapter_natural-language-processing-pretraining/bert-pretraining.md	2	2	0	tabbed(4):mxnet,pytorch,jax,tensorflow	yes
chapter_natural-language-processing-pretraining/bert.md	2	2	0	tabbed(4):mxnet,pytorch,jax,tensorflow	yes
chapter_natural-language-processing-pretraining/glove.md	2	2	0	single-link	no
chapter_natural-language-processing-pretraining/seq2seq.md	7	7	0	tabbed(4):mxnet,pytorch,tensorflow,jax	yes
chapter_natural-language-processing-pretraining/similarity-analogy.md	2	2	0	tabbed(4):mxnet,pytorch,jax,tensorflow	yes
chapter_natural-language-processing-pretraining/subword-embedding.md	4	4	0	tabbed(3):mxnet,pytorch,tensorflow,jax	yes
chapter_natural-language-processing-pretraining/word-embedding-dataset.md	3	3	0	tabbed(4):mxnet,pytorch,jax,tensorflow	yes
chapter_natural-language-processing-pretraining/word2vec-pretraining.md	3	3	0	tabbed(4):mxnet,pytorch,jax,tensorflow	yes
chapter_natural-language-processing-pretraining/word2vec.md	3	3	0	single-link	no
chapter_natural-language-processing-applications/finetuning-bert.md	3	3	0	single-link	no
chapter_natural-language-processing-applications/natural-language-inference-and-dataset.md	2	2	0	tabbed(4):mxnet,pytorch,jax,tensorflow	yes
chapter_natural-language-processing-applications/natural-language-inference-attention.md	3	3	0	tabbed(4):mxnet,pytorch,jax,tensorflow	yes
chapter_natural-language-processing-applications/natural-language-inference-bert.md	2	2	0	tabbed(4):mxnet,pytorch,jax,tensorflow	yes
chapter_natural-language-processing-applications/sentiment-analysis-and-dataset.md	2	2	0	tabbed(4):mxnet,pytorch,jax,tensorflow	yes
chapter_natural-language-processing-applications/sentiment-analysis-cnn.md	3	3	0	tabbed(4):mxnet,pytorch,jax,tensorflow	yes
chapter_natural-language-processing-applications/sentiment-analysis-rnn.md	3	3	0	tabbed(4):mxnet,pytorch,jax,tensorflow	yes
chapter_reinforcement-learning/baselines.md	6	6	0	single-placeholder	yes
chapter_reinforcement-learning/deep-rl.md	7	7	0	single-placeholder	yes
chapter_reinforcement-learning/imitation.md	6	6	0	single-placeholder	yes
chapter_reinforcement-learning/mdp.md	6	6	0	single-placeholder	yes
chapter_reinforcement-learning/policy-gradient.md	6	6	0	single-placeholder	yes
chapter_reinforcement-learning/qlearning.md	7	7	0	single-placeholder	yes
chapter_reinforcement-learning/value-iter.md	6	6	0	single-placeholder	yes
chapter_deep-reinforcement-learning/actor-critic.md	6	6	0	single-placeholder	yes
chapter_deep-reinforcement-learning/dqn.md	7	7	0	single-placeholder	yes
chapter_deep-reinforcement-learning/offline-rl.md	6	6	0	single-placeholder	yes
chapter_deep-reinforcement-learning/ppo.md	7	7	0	single-placeholder	yes
chapter_deep-reinforcement-learning/regularized.md	6	6	0	single-placeholder	yes
chapter_deep-reinforcement-learning/rl-sequences.md	5	5	0	single-placeholder	yes
chapter_deep-reinforcement-learning/sac.md	7	7	0	single-placeholder	yes
chapter_gaussian-processes/gp-inference.md	6	6	0	tabbed(1):pytorch	yes
chapter_gaussian-processes/gp-intro.md	7	7	0	tabbed(1):pytorch	no
chapter_gaussian-processes/gp-priors.md	5	5	0	tabbed(1):pytorch	yes
chapter_hyperparameter-optimization/hyperopt-api.md	2	2	0	tabbed(3)-identical:pytorch,tensorflow,jax	yes
chapter_hyperparameter-optimization/hyperopt-intro.md	3	3	0	tabbed(3)-identical:pytorch,tensorflow,jax	yes
chapter_hyperparameter-optimization/rs-async.md	2	2	0	tabbed(1):pytorch	yes
chapter_generative-adversarial-networks/adversarial-losses.md	5	5	0	single-placeholder	yes
chapter_generative-adversarial-networks/conditional.md	7	7	0	single-placeholder	yes
chapter_generative-adversarial-networks/convergence.md	5	5	0	single-placeholder	yes
chapter_generative-adversarial-networks/dcgan.md	6	6	0	single-placeholder	yes
chapter_generative-adversarial-networks/gan.md	5	5	0	single-placeholder	yes
chapter_generative-adversarial-networks/objectives.md	5	5	0	single-placeholder	yes
chapter_generative-adversarial-networks/relativistic.md	6	6	0	single-placeholder	yes
chapter_recommender-systems/autorec.md	3	3	3	tabbed(2)-identical:mxnet,pytorch	yes
chapter_recommender-systems/ctr.md	1	1	1	tabbed(2)-identical:mxnet,pytorch	yes
chapter_recommender-systems/deepfm.md	2	2	2	tabbed(2)-identical:mxnet,pytorch	yes
chapter_recommender-systems/fm.md	2	2	2	tabbed(2)-identical:mxnet,pytorch	yes
chapter_recommender-systems/mf.md	3	3	3	tabbed(2)-identical:mxnet,pytorch	yes
chapter_recommender-systems/movielens.md	2	2	2	tabbed(2)-identical:mxnet,pytorch	yes
chapter_recommender-systems/neumf.md	4	4	4	tabbed(2)-identical:mxnet,pytorch	yes
chapter_recommender-systems/ranking.md	3	3	0	tabbed(2)-identical:mxnet,pytorch	yes
chapter_recommender-systems/recsys-intro.md	3	3	0	single-link	no
chapter_recommender-systems/seqrec.md	3	3	3	tabbed(2)-identical:mxnet,pytorch	yes
chapter_mdl-linear-algebra/mdl-eigendecomposition.md	11	11	0	tabbed(4):mxnet,pytorch,tensorflow,jax	yes
chapter_mdl-linear-algebra/mdl-geometry-linear-algebraic-ops.md	14	14	0	tabbed(4):mxnet,pytorch,tensorflow,jax	yes
chapter_mdl-linear-algebra/mdl-svd-low-rank.md	8	8	0	tabbed(4)-identical:mxnet,pytorch,tensorflow,jax	yes
chapter_mdl-calculus/mdl-integral-calculus.md	10	10	0	tabbed(4):mxnet,pytorch,tensorflow,jax	yes
chapter_mdl-calculus/mdl-matrix-calculus-autodiff.md	9	9	0	tabbed(4)-placeholder:mxnet,pytorch,tensorflow,jax	yes
chapter_mdl-calculus/mdl-multivariable-calculus.md	8	8	0	tabbed(4):mxnet,pytorch,tensorflow,jax	yes
chapter_mdl-calculus/mdl-single-variable-calculus.md	10	10	0	tabbed(4):mxnet,pytorch,tensorflow,jax	yes
chapter_mdl-optimization/mdl-adaptive-stochastic-methods.md	8	8	0	prose-##Discussions-after	yes
chapter_mdl-optimization/mdl-constrained-optimization-duality.md	8	8	0	prose-##Discussions-after	yes
chapter_mdl-optimization/mdl-convexity.md	9	9	0	prose-##Discussions-after	yes
chapter_mdl-optimization/mdl-gradient-based-optimization.md	11	11	0	prose-##Discussions-after	yes
chapter_mdl-optimization/mdl-numerical-stability-conditioning.md	8	8	0	prose-##Discussions-after	yes
chapter_mdl-probability-statistics/mdl-bayesian-computation.md	5	5	0	none	yes
chapter_mdl-probability-statistics/mdl-concentration-generalization.md	8	8	0	single-link	yes
chapter_mdl-probability-statistics/mdl-distributions.md	10	10	0	tabbed(4):mxnet,pytorch,tensorflow,jax	yes
chapter_mdl-probability-statistics/mdl-maximum-likelihood.md	10	10	0	tabbed(4):mxnet,pytorch,tensorflow,jax	yes
chapter_mdl-probability-statistics/mdl-naive-bayes.md	6	6	0	tabbed(4):mxnet,pytorch,tensorflow,jax	yes
chapter_mdl-probability-statistics/mdl-random-variables.md	7	7	0	tabbed(4):mxnet,pytorch,tensorflow,jax	yes
chapter_mdl-probability-statistics/mdl-statistics.md	14	14	0	tabbed(4):mxnet,pytorch,tensorflow,jax	yes
chapter_mdl-information-theory/mdl-divergences-distances.md	9	9	0	tabbed(4)-identical:mxnet,pytorch,tensorflow,jax	yes
chapter_mdl-information-theory/mdl-information-theory.md	9	9	0	tabbed(4):mxnet,pytorch,tensorflow,jax	yes
chapter_mdl-information-theory/mdl-mutual-information.md	10	10	0	tabbed(1)-placeholder:pytorch	yes
chapter_mdl-dynamics/mdl-fokker-planck-probability-flow.md	8	8	0	tabbed(1)-placeholder:pytorch	yes
chapter_mdl-dynamics/mdl-odes-solvers.md	8	8	0	tabbed(4)-placeholder:mxnet,pytorch,tensorflow,jax	yes
chapter_mdl-dynamics/mdl-score-matching-diffusion-flow.md	11	11	0	tabbed(1)-placeholder:pytorch	yes
chapter_mdl-dynamics/mdl-sdes.md	8	8	0	tabbed(1)-placeholder:pytorch	yes
chapter_appendix-tools-for-deep-learning/cloud-instances.md	4	4	0	none	no
chapter_appendix-tools-for-deep-learning/developers-guide.md	4	4	0	none	no
chapter_appendix-tools-for-deep-learning/hardware.md	4	4	0	none	no
chapter_appendix-tools-for-deep-learning/hosted-notebooks.md	4	4	0	none	no
chapter_appendix-tools-for-deep-learning/interactive-development.md	4	4	0	none	no
chapter_appendix-tools-for-deep-learning/model-serving.md	4	4	0	none	no
chapter_appendix-tools-for-deep-learning/software-ecosystem.md	4	4	0	none	no
chapter_appendix-tools-for-deep-learning/training-systems.md	4	4	0	none	no
# files=201 real=1186 raw=1218
# discussions states: {'tabbed(4)': 74, 'single-link': 16, 'tabbed(3)': 4, 'none': 43, 'single-placeholder': 29, 'tabbed(2)': 7, 'tabbed(1)': 4, 'tabbed(3)-identical': 2, 'tabbed(2)-identical': 9, 'tabbed(4)-identical': 2, 'tabbed(4)-placeholder': 2, 'prose-##Discussions-after': 5, 'tabbed(1)-placeholder': 4}
